seq,length,kd,charge
MRSASPVAAANVAAGFAPGLRALFGYLLW,29,0.8551724137931037,2.0
MRSASVLANQAKTNLSGVAWTWFGWERQAYDLR,33,-0.4090909090909091,2.0
MRSASASVTHPLLQGNNLRQVGAAAGAEGRY,31,-0.30000000000000016,2.1
MRSASSLHAAPFWNFGISGVGRAVWLLSSSGAYKAYYYKR,40,-0.030000000000000082,5.1
MRSAGRRRSARLLFWGWAF,19,-0.3263157894736841,5.0
MRSAPSVLNHRFNNGLYERVAAFFVLLNAYQQ,32,-0.06562500000000002,2.1
MRSAGQLRAFSNTGVGRLFVVQQI,24,0.19999999999999996,3.0
MRSAAAANRRTANTAALRAAAIGSGYGHL,29,-0.058620689655172295,4.1
MRSASEGVHYFLSAPLLIRRAFFGWIAVYGRY,32,0.36249999999999993,3.1
MRSAPAVTRNLHVENDVALAVVVWWAVVWRGEYGKR,36,0.044444444444444335,2.1
MRSASPTNAQWIGAIWYRITGASGFGL,27,0.11481481481481481,2.0
MRSAPRCARFQSVNILLKRY,20,-0.31500000000000017,5.0
MRSAQPEWFTSFGRQGRVVAGRLHYLY,27,-0.48888888888888915,3.1
MRSAAAANNRRVTAIWWLCAAAWWRYLALWNY,32,0.11249999999999996,4.0
MRSAALAGRLQESGWGLFSNVLIGKEAR,28,-0.017857142857142887,2.0
MRSAHLVANDRLFYGIGYARLAWGGLFYQN,30,0.023333333333333338,2.1
MRSASPWLHRFRVVFDVLIGTNHSFDLVGRGNGEVHRR,38,-0.3236842105263158,3.3000000000000003
MRSASLNSALRFHAWH,16,-0.2812500000000001,2.2
MRSASLLNSARRVTSVAHAAWARLFTLGNAGLNYRWI,37,0.12162162162162155,5.1
MRSAAAPENHAGAVGLRGVFVGRGLYLYHQQ,31,-0.10322580645161293,2.2
MRSASRALAFTTGENATGIYKHGLK,25,-0.3680000000000001,3.1
MRSAATRIRAWWVGSFWHQRFLSGEY,26,-0.4115384615384616,3.0999999999999996
MRSASVSSKHFFTFNFARRVIGFGGHGYYY,30,-0.1433333333333334,4.199999999999999
MRSAPAILHHKFLFNVFRPVWASWLEGRW,29,0.04482758620689647,3.2
MRSARAASARGEAYAYAGLLRAFLF,25,0.27199999999999985,3.0
MRSAPLASKWELAGGRLLRWVNVVVASRYFYEAELY,36,0.08611111111111105,2.0
MRSAAHFQARAASNNAFGVVFWGEHWR,27,-0.3185185185185186,2.2
MRSASHAASNNAFLGLLGGIYRVLVLGSS,29,0.6103448275862069,2.1
MRSAAATSNTRAYVAVWWRIIGIRLESIRDEYRW,34,-0.27647058823529413,3.0
MRSAASAVRFRVEDGLLSHAFFNGRR,26,-0.22692307692307695,3.1
MRSAPRSSNLWEASVISALIVGAWKQSKR,29,-0.2172413793103448,4.0
MRSAAAPSVNRAFSYVYTGWAIFAFGYGQLNR,32,0.09687500000000004,3.0
MRSASPPRALGATARGYNWWLANEV,25,-0.4280000000000001,2.0
MRSARPSANRWTTVNLGRYAFLLANYWW,28,-0.4035714285714288,4.0
MRSAAIRSGRRASGGLVIGGEDYI,24,-0.07916666666666668,2.0
MRSALAAHARRTYEARFAASGILGYALHW,29,0.01724137931034481,3.2
MRSARLLVAVANAFERGIVNLYGKLYT,27,0.4222222222222223,3.0
MRSAALWQQRAGNIIGHASYVAGALRL,27,0.1888888888888889,3.1
MRSAPFIGHFIQIDVIWLSLTRGGEWIRGLR,31,0.27096774193548384,2.1
MRSAPPSGHFSSLGHRNVRIVGI,23,-0.14347826086956528,3.2
MRSAAPSRRVNFITANHVGRRRAFAIVSTNEW,32,-0.39999999999999997,5.1
MRSAAATANGRNSSGAIYLLWVLGESAIYANENRR,35,-0.2428571428571429,2.0
MRSAAILRSNYIRLAGLGAAGNAVGGSGGYGAWIGR,36,0.25277777777777777,4.0
MRSAAALSNALYYATLAYINASTVITGRYERRY,33,-0.024242424242424242,3.0
MRSAHALCHVHILTLLQYAAWSSAQLRRGLY,31,0.2516129032258064,3.3000000000000003
MRSASATANRLVSNHLLSWAYNEVRY,26,-0.35384615384615387,2.1
MRSAPGSARHLNVNYRFVAVLYDTGAAYYQYR,32,-0.39062500000000006,3.1
MRSATTLAAAKLAAFRHRWILGVWNYWLHLWW,32,0.23437499999999994,4.199999999999999
MRSAAEENWTFIELLSNFGRVIAIGLSSGAAYWRAYYRRQ,40,-0.1725000000000001,2.0
MRSASLRAAGAAFNSWFLLGRIVGIGWAGAVS,32,0.7781250000000002,3.0
MRSAPATAAHNGRFVHILARAVW,23,0.19130434782608685,3.2
MRSAVVSSRRNANLTVVETAAYRAYAG,27,-0.07407407407407406,3.0
MRSAAAPSLHLGANSFRALLVYYHT,25,0.25999999999999995,2.2
MRSAQRATVTHFFFSLGRYLWFPVTLGWFSGAAWRQHY,38,-0.028947368421052767,4.199999999999999
MRSAQSVSNAVYANPIYARRNLAVT,25,-0.12000000000000004,3.0
MRSASIAVHQRRFFTNWVISHRWTTGYEAFDALW,34,-0.2529411764705882,2.2
MRSAAGLTATFHVNLLGTNLVIFYWVR,27,0.7444444444444444,2.1
MRSAAHPANALIGVYAGALYHRI,23,0.3826086956521739,2.2
MRSASRSSASNIFQWNQLVW,20,-0.4,2.0
MRSAVASSSAAILFSWAHRVNTVTSGGYGQEYWYHR,36,-0.24722222222222237,2.2
MRSARALLHAPFIGDEVFRTRGVNARQYHW,30,-0.4600000000000001,3.2
MRSASLHSAANFHVLLVWNVWGARQN,26,0.07307692307692303,2.2
MRSAAAPARNHHLSATWRSAAVITSGGWREA,31,-0.3677419354838709,3.2
MRSAHSAATRAAANSLSLLVAWAWGGRLS,29,0.2827586206896551,3.1
MRSASPSHRRAIEAVGWQFALTNLWLN,27,-0.2074074074074074,2.1
MRSARAAHAHFLLLAYGLAALAFVYGEGK,29,0.610344827586207,2.2
MRSAPEATNAFLFGNADIAPISLNRGNWLRR,31,-0.3000000000000001,2.0
MRSAVSNNRHVHGTGVFGKGCILQFTFYQGY,31,-0.17419354838709677,3.2
MRSAAPRWSLLLVNAATGRRVYAAFNGIGAYQYWW,35,0.03999999999999999,4.0
MRSAAESAHVYEVYGEWFFWWSFIYGGGGQKARLGRR,37,-0.44054054054054054,2.1
MRSASPATFNPLTFGIKLARVPSAWEYYYGHI,32,-0.05625000000000008,2.1
MRSAAPRQSSYAWVSAGLSSGVLTTVSAAGQKQRW,35,-0.22571428571428584,4.0
MRSAAIEVNLVLTAYVYFRRGYAPTRP,27,0.07037037037037033,3.0
MRSAAASSASVFAIASVRWRVGLGWG,26,0.6115384615384616,3.0
MRSAAAAAVRVVVRVLIYVNREEYWYGRH,29,0.07586206896551706,3.1
MRSAPAQSKNREWGVNITTAVFGTISGRLVGERHAGE,37,-0.481081081081081,2.1
MRSALAARRRRLDSWFALHGIAGLEALYR,29,-0.09655172413793119,4.1
MRSAAPVRRWLQTGTASWLITGERRLL,27,-0.22962962962962977,4.0
MRSATEANRTRNAAAAWATLAFWQLGW,27,-0.25185185185185177,2.0
MRSASSTACGTANEAAPAGTAVTLIRFNYRW,31,-0.04838709677419356,2.0
MRSAPRAWLGSVSWFWLSPIRGTGNLAEWRHQ,32,-0.41875000000000007,3.1
MRSAARRAKFVGGVYWTAGAAWNKY,25,-0.32000000000000006,5.0
MRSASPALAHWNSGGFARRAVLVWAATGQEAYLWR,35,-0.07714285714285721,3.1
MRSAPASWHALGSSPHLRLWVALLISWVEQKYLKW,35,0.059999999999999915,3.2
MRSAPALHDWAPGAVLGRRYYLLAGAEGVRRYV,33,-0.07878787878787884,3.1
MRSAHQGTKLGATYWNLAVIVWF,23,0.25652173913043486,2.1
MRSAQASQAWTLNVGFRAFS,20,-0.06000000000000011,2.0
MRSAATSNRTRIHLNALLWNAAWIGYNAAWQW,32,-0.2375,3.1
MRSAHLSAHIWIGTFRNATGIRYW,24,-0.1208333333333334,3.2
MRSATTLVWFREAVALGYVNWTRFGRW,27,0.014814814814814774,3.0
MRSAASSANRWFWFNALAQQGFFGWGAWW,29,-0.11724137931034488,2.0
MRSAPQQNSVFLAIGGGAHHARRLATGAYQSEYGP,35,-0.47142857142857153,2.2
MRSAALRTAWYLVFGNRSRALVFGQEALLW,30,0.3066666666666666,3.0
MRSAGHGWVYGFQYARAAWVVI,22,0.3136363636363635,2.1
MRSAARRVTHLWAGGAGEEVASFLNEVGYRHR,32,-0.47187500000000004,2.2
MRSAATFTVWFAGLLGRRVLWIDTGGKYY,29,0.25517241379310335,3.0
MRSASPNRSTFIQYDITLGRRLGFGANAYGALHRI,35,-0.2771428571428572,4.1
MRSAAVANSLLDNGFGRSAYITISTVGRGEYLLGRQ,36,-0.005555555555555585,2.0
MRSAAAATRRFVSTVNRRAILHLGILGAYGERYPRHE,37,-0.33783783783783794,5.199999999999999
MRSAQRPSFHPGAETVLRLLIANGAYGR,28,-0.275,3.1
MRSASPACRRFALHGYELRYATYLVSNAAWYGDKIGH,37,-0.34324324324324323,3.2
MRSASFAFNGRFESAWAYIWAVAIVNNAAAYQVHGRWF,38,0.2157894736842105,2.1
MRSAGGNATNRFYLNVTIGLGYNNAYL,27,-0.14814814814814817,2.0
MRSAPARGRQYTANAGNEAAILPAF,25,-0.3479999999999998,2.0
MRSASTLAADRRVAANYWLNTSGLIIGQRRE,31,-0.36451612903225816,3.0
MRSASASSAHLIYNTILGRRYIALISYEGWL,31,0.2677419354838709,2.1
MRSASASRAGFVHAYTSGARIGWEYH,26,-0.3692307692307693,2.2
MRSAALVRTFRFAGYILSVAAGVR,24,0.7833333333333333,4.0
MRSASVLGATARAHGNWIITFVWVTNGRGYIWH,33,0.16969696969696965,3.2
MRSASGSAHSRALGGNLLWLLGLVKWHDHP,30,-0.11333333333333342,2.3000000000000003
MRSAQFSNGHAFAVAFFRFWAQASLYWW,28,0.18571428571428558,2.1
MRSASPFLNARIFYALIRVVLYKQY,25,0.4079999999999999,4.0
MRSAVNESNGAATLFALVAVWARRLYY,27,0.34444444444444433,2.0
MRSASLVANRFLTLPYEFFVYGGERYNR,28,-0.2464285714285716,2.0
MRSAQRGVSLWHDVFWALGGYRVWFGWW,28,-0.05000000000000009,2.1
MRSAAPRAAIYLDELTYISILGQEVYRRR,29,-0.22413793103448273,2.0
MRSAASVNRRFTAVFWFRPGLLLYQWWRKRL,31,-0.22258064516129042,7.0
MRSAGVIVSNRRRAGWAGALQVSVWDVNRFYGHHLVR,37,-0.14324324324324336,5.199999999999999
MRSATESLRNRLFANLAWHHIAWIDWWSIAWAKRWR,36,-0.4138888888888889,4.2
MRSAAAFTSNGTHANNLHRRIAGPTGAELYY,31,-0.49677419354838714,2.2
MRSASLWFAARGALNLTQFLLGAWHAAWQ,29,0.36551724137931035,2.1
MRSAPRSRRRLAVNALFSVTRVRYYI,26,-0.28846153846153844,7.0
MRSARANARANYLLAGNGLMANGINILFWRYQHYWRR,37,-0.46756756756756757,6.1
MRSAGPSVNHAAWLNELLHTAWRLTSARDWYGLFK,35,-0.3171428571428572,2.2
MRSAALQLHPKFLFELGHAVINSYGRGENK,30,-0.3200000000000001,2.2
MRSASGAASRYWAVVFVFAERRRYLFSGNTYEWYGR,36,-0.3861111111111111,4.0
MRSAAQRLRYAEFGAVAARILGYL,24,0.26666666666666666,3.0
MRSAASNSAKFFESGLQVRFYWAGREVLG,29,-0.1551724137931035,2.0
MRSAAFFFAARHFVFNLHRTGYGVWREYE,29,-0.18620689655172412,2.2
MRSASASANRWIFEDASRRVVSWAGGVAGGAQHYRRV,37,-0.3864864864864865,4.1
MRSAASGLARTLNRIARNWLPIIDQQWYI,29,-0.15172413793103456,3.0
MRSASSGGSSHTGTSTALWIIVYGERK,27,-0.28888888888888886,2.1
MRSAAAHTHFFQTALWLTPLLVAGEGRYKG,30,0.05666666666666658,2.2
MRSASIAGDHIYYLGGWLLVGRGLSTYGHEVRGLWK,36,-0.013888888888888987,2.2
MRSAPSTGRRNVTEYPLLHQAIAGFSRGLGYEL,33,-0.37575757575757585,2.1
MRSASPGTRGYYDATDFFRVGIGYTYLINGGHR,33,-0.5,2.1
MRSALSRAAVWAHAQWLWLSAQFKIYRRT,29,-0.12413793103448281,5.1
MRSASERVQRFNFNSVAWLQIFSRWW,26,-0.4153846153846154,3.0
MRSARAALAIQTDVRFRPTGVAAALAKEY,29,0.05862068965517235,3.0
MRSALHLASHAYQLDFRRALFVWLAYVHQYI,31,0.27096774193548384,2.3000000000000003
MRSAVLRRNVHAINNNAVQANAFAKLQYE,29,-0.3620689655172414,3.0999999999999996
MRSARRRRLAFQWNYNLNVFAFGIW,25,-0.35200000000000004,5.0
MRSAGAHAAGNAVINTGGWVWYGDFLWNYYGLYRK,35,-0.22000000000000003,2.1
MRSAAALHSKFTALNALQFWADISAHRGK,29,-0.07241379310344832,3.2
MRSASPAHRLPRVTTITHRFIGLII,25,0.256,4.2
MRSAARSFWLWFLEAGRTAAALSRLAEYLRI,31,0.24193548387096775,3.0
MRSASRLAHGFIADELLTSSLISSYGRRY,29,-0.09655172413793119,2.1
MRSAARRSPYYAAVFWHASLSGAEYGY,27,-0.31111111111111117,2.1
MRSASPTARRWILGYLVRATITWGYLEYEWH,31,-0.29032258064516137,2.1
MRSAASELRWIGAGGFRLGVRRRD,24,-0.48750000000000004,4.0
MRSAASAANQRLNFLWHGVTAAVVGRAENFNLRR,34,-0.1941176470588235,4.1
MRSASRGCNLWQTAAWWYYVAGVSFSYRYEY,31,-0.3645161290322582,2.0
MRSAAPSGAPFVFNNNRSHVIAVVASSAAYYYV,33,0.3454545454545454,2.1
MRSASSCRALFGVGQRLRAILYAILLWY,28,0.6571428571428573,4.0
MRSASASGGWRDLSFGRLVAFLNNRVGGGQEYYLRE,36,-0.44722222222222224,2.0
MRSARAQHAGGHWAWTFLANRVWWSSEGIIG,31,-0.2580645161290322,2.2
MRSAALLWNVKFVAAFYLLAVVNTVTSAAHQYLWV,35,0.9942857142857142,2.1
MRSASHLLFLVTYVLKFRIWKVY,23,0.6869565217391304,4.1
MRSASNPARWHLLNLASFVWAFVGEKRR,28,-0.26071428571428573,4.1
MRSARIHLSGPHLETYPGRLGANLLIAFWG,30,0.06333333333333323,2.2
MRSASRTAHGNKLSYWAIANAIYLASEW,28,-0.21428571428571422,2.1
MRSAPRQLNAVVAGFLWRSSSVVLLHNTQEL,31,0.1580645161290324,2.1
MRSAAVSSAVAIHEAIARVHAITAIGGRYW,30,0.5800000000000003,2.2
MRSAALVRWLVAEGRPALIIGAELHLRY,28,0.4892857142857145,2.1
MRSASIVWNRASNVWRLLNIIGTSS,25,0.16399999999999995,3.0
MRSAAATSNNRREVVTYFAPAFVWLTGLRGYEYYYG,36,-0.2555555555555556,2.0
MRSAPGSSVNLDYNGPLTRVPAFVIGNGRGALYQLR,36,-0.15555555555555556,3.0
MRSAAELAHRARLNFGGAASWGIGAGRLGYEKY,33,-0.3000000000000001,3.1
MRSASPNCRNAPFTSGWFRWITYWFG,26,-0.43846153846153846,3.0
MRSAASASRATRFHGYSAWAGGFEAGAYLHIWR,33,-0.2303030303030304,3.2
MRSAANDSKAAWETGASRYAWAGPGAAKLHYLY,33,-0.49696969696969673,2.1
MRSAAALDHHRVSTAVNFRTYYVYRQVLYYEVRL,34,-0.2382352941176471,3.2
MRSAVAASRATFAEYNQLGVFLYLWNQLYRI,31,0.19677419354838707,2.0
MRSAAHLRRVRGLVSGVLGYGFLSRGGWEYVRHE,34,-0.24705882352941183,4.199999999999999
MRSASRAANRPFDDFAFTVTAALLATRWHQWW,32,-0.265625,2.1
MRSASIASARHAANNGQVNAFQYL,24,-0.2416666666666668,2.1
MRSATRLGNIVLAVGARNATAILITTIRYGELLR,34,0.5058823529411766,4.0
MRSAARAPLGLAYTLHGSNPFGVGLF,26,0.38461538461538447,2.1
MRSARVRHVWLSNSAFFATWFGGNRNW,27,-0.38518518518518524,4.1
MRSASLSAASPLFDIALHLRLYGGIFAAGKYYQY,34,0.3529411764705883,2.1
MRSASRLANWFVSGTAGQRPYVFGVWAHLYLHL,33,0.16060606060606056,3.2
MRSAQAPRVAWFSGALNVYSYAYK,24,-0.13333333333333333,3.0
MRSAAQRTGNVRVYAGPGFVTWLEIDVGLGRLHLWYYV,38,0.10789473684210522,2.1
MRSASLVAANIEYFTPLGLRAVAGYLGGSYGGGLGRSKVI,40,0.43249999999999994,3.0
MRSAAVLRQNRFSDAAILFNWSINLGGG,28,0.13571428571428562,2.0
MRSAARNGHKNRVIVTWFEAYGVAW,25,-0.30000000000000027,3.0999999999999996
MRSARSSRAGTNLWAGLFGY,20,-0.29,3.0
MRSAARAALRAGYAILASE,19,0.331578947368421,2.0
MRSAPRPAAFFLAWAGANVSSGVRQYK,27,-0.09259259259259275,4.0
MRSAPSSVSGYLAAWQPIFVAWTVSGAHQYRW,32,0.04375000000000005,2.1
MRSAAPAGNWTEVAYGYYRAVGNIIASNALGQKYYR,36,-0.33611111111111114,3.0
MRSASVLNRAALLLNDRFRALFGSRYEYRRY,31,-0.4612903225806452,5.0
MRSAAAVRWALRGVANNWYRPADYGYEIKL,30,-0.3866666666666667,3.0
MRSAASLSNARLAYHVYRVLRAAIAGLLVRYEQYWK,36,0.044444444444444425,5.1
MRSALASRRRHTTADAYVLRLAVGADYQSWLN,32,-0.34687499999999993,3.0999999999999996
MRSASASARWYIVGFNRHRRRVPGAGSGIAWPL,33,-0.29999999999999993,6.1
MRSAPAGANDKTAAATTRGTAIVFSRWGYGRSYDGYV,37,-0.42702702702702705,3.0
MRSAAAAARTNAAVWNNVLGRGILKRAWE,29,-0.11034482758620694,4.0
MRSARRHWAHYANGVLYNRALVSRAGEYLA,30,-0.4699999999999999,4.2
MRSASPGWHALVANISYYSLWLYR,24,0.033333333333333326,2.1
MRSARAAASTPFFFNGRQLASIWIIVSRGAEYR,33,0.03333333333333324,4.0
MRSAASSASNFAQGYNLYGWVNRYGG,26,-0.48846153846153856,2.0
MRSAALVWHNRTIHSYSHLTIVLRVQLNFQ,30,0.06666666666666658,3.3000000000000003
MRSAAGSATSAAWLNAASRRIPIGV,25,0.292,3.0
MRSASLARQAGFALESARVFVGIYLGQY,28,0.37857142857142845,2.0
MRSAPLQQRRHHSVSFLWTVAIRAAGEGVHGWG,33,-0.29090909090909095,3.3000000000000003
MRSASAIAHARYDSLGAARWPLTGIAGYQYI,31,0.03870967741935481,2.1
MRSAALHLVRHERVRIIGGAGYQVLYRQWW,30,-0.18333333333333332,4.2
MRSAPHAAQFRGHALKIQRNNALVNGLARYWV,32,-0.35624999999999996,5.2
MRSALLPNSAWFFSSLLYLRVAIIGSSSDWQWYGRY,36,0.18055555555555547,2.0
MRSAASSAAKVANLNQNHGHFRITNVVYREALK,33,-0.4030303030303031,4.2
MRSASISRHAHFFNIPGYLGATEIFVNRYGEAK,33,-0.22121212121212122,2.2
MRSAARSSSQVRVLHSVFNARAFGVGGLHHER,32,-0.27187500000000003,4.299999999999999
MRSASGFTHNRIAGWHPIWFSAEFHR,26,-0.48846153846153856,2.3000000000000003
MRSAATAARVYIRGTLGFSAVVAIYNEGYYR,31,0.20967741935483866,3.0
MRSAGNGRRWIVDIFAGRRNLIYSFEFAWWW,31,-0.22580645161290333,3.0
MRSAARAPRWLFGTVHLSALQVGLWGGEAQHK,32,-0.13437500000000013,3.2
MRSASPAARVRLSSGAALLQNVREADYWRW,30,-0.41000000000000003,3.0
MRSADLPRAVIGIYFYLWAAVARGKR,26,0.2538461538461539,4.0
MRSASPAWWLLHGVGWFVWQRW,22,0.004545454545454464,2.1
MRSASPSNRKRLAGFIAFIAGKHH,24,-0.3541666666666667,5.199999999999999
MRSASFGSKSVGITGNNFRAALIVW,25,0.32800000000000007,3.0
MRSAQVRANLLAISIAGYGQHY,22,0.09999999999999996,2.1
MRSAPRSGRLFAFFVARRWSGKYEI,25,-0.3480000000000001,5.0
MRSARSASTKNNSNSGFRVAFLQIW,25,-0.4799999999999999,4.0
MRSAVFSQRRHFASLLGVWGRYDWR,25,-0.4760000000000001,4.1
MRSALALAGRAWYVSFVTFASWWVGANLWY,30,0.6566666666666668,2.0
MRSAPNGSRLRLVVAYHQRALAAAQHWLH,29,-0.2620689655172414,4.299999999999999
MRSATFRHATASYFGQRAIVAQQG,24,-0.29583333333333334,3.1
MRSAAALNRTGFLYEGYHTARRYNNIALW,29,-0.4620689655172414,3.1
MRSAPRSSNGYHLVGAFYLYY,21,-0.2666666666666668,2.1
MRSAAPLAAGFAAINAAKHVLLVEAYWQEWKK,32,0.184375,2.1
MRSASESCTAPFTLNVFKNHAINVALGIHHR,31,-0.0032258064516130064,2.3000000000000003
MRSAAPATKSVIHTNGGNYRAAFLAASISLEQWL,34,0.07647058823529412,2.1
MRSASASFHGHILSAPIIRVRLLAEYR,27,0.2444444444444445,3.2
MRSARASSQLEWLVGRTRSNVIAATSYYLWVEYL,34,-0.061764705882353034,2.0
MRSAARANNRPFASFWRNFAIGVR,24,-0.3958333333333332,5.0
MRSAALAHVRHILTAWLAGERQYY,24,-0.05416666666666672,2.2
MRSASAPSRWTASVLNFRYHFIVLLSYYELRV,32,0.18437499999999996,3.1
MRSASSARHQIYFNAAWHLALAGFYL,26,0.21153846153846143,2.2
MRSATASWWRGVAETVVRWGVVWL,24,0.32083333333333336,2.0
MRSASLPGRALHVANVEHAWIREYSYR,27,-0.48888888888888893,2.2
MRSAQERFARRQGTYILLAAPLFQWWW,27,-0.32962962962962955,3.0
MRSASTSCRLHFQPIGKASYAQVGGYQ,27,-0.4000000000000001,3.1
MRSARHSSRNHAGVNGGRQRIVALFIWGYAGFAWYV,36,-0.17499999999999993,5.2
MRSAPRAGAALPAGYNALNWLYAGKLYRA,29,-0.10000000000000007,4.0
MRSASRSSKVFEATANFIGRVNVSVSYYE,29,-0.196551724137931,2.0
MRSAAVPNQTLRRGGWAWAFGQ,22,-0.4636363636363636,3.0
MRSAQLERILGGESFFTYIGVYRQYRY,27,-0.39259259259259266,2.0
MRSAHQARHLLGNHLNVLFL,20,0.06000000000000001,2.3000000000000003
MRSAAFLPVNHEFNRFGTAPIINARYLYQI,30,0.029999999999999954,2.1
MRSATPFLAKFANNALFFWGRANQW,25,-0.10000000000000009,3.0
MRSAAVRSNNATGASSAGANSNATNLLIGAGYGYHY,36,-0.23333333333333334,2.1
MRSASFASRTLAGAWAFAGGQYR,23,-0.060869565217391355,3.0
MRSAASRRARHLFTWAGKTLGRAAIVYEHR,30,-0.4999999999999999,6.199999999999999
MRSALPRTSKEHIASAFFALQRPFVIAYAYQAH,33,0.015151515151515152,3.2
MRSASLTADAAFHVAFIKWHRANW,24,0.01666666666666662,2.2
MRSASRARHRNFVLGFVLVLHSAGGSVITAGYAVYQYD,38,0.23947368421052626,3.1999999999999993
MRSAVSSLRHAPGVYNWYKAIAV,23,0.10869565217391304,3.1
MRSAAPAARAWVEFEAAFLLAYGYAGYRSYGR,32,0.0,2.0
MRSAARGRRRIIFSNLNQYFVLGQN,25,-0.4720000000000002,5.0
MRSASTSARAVVASNGYFQHYVVINNFFVAVYERRYK,37,-0.08378378378378384,4.1
MRSAPARAAGTAAGVAFFPVANYYAGR,27,0.24444444444444444,3.0
MRSASVRSASFRLGAFGVGYQRISTISAKYYFL,33,0.19696969696969693,5.0
MRSASRASWQLQVGFAFLVYAALSW,25,0.544,2.0
MRSAALQARSFMVAVEVRVWGGWEYHLR,28,0.035714285714285685,2.1
MRSASRRSAHHLFLGAVFAYRGNIAVHWY,29,-0.027586206896551745,4.3
MRSAAEATARTVITEAWWPLFFVFFRQRWYK,31,-0.06774193548387096,3.0
MRSAELISHGRVIGWFVTYRYLGIEVINRGRNYGHLYHQR,40,-0.4,4.300000000000001
MRSASTWIARAASVLATHSPWWQQYLQQV,29,-0.17241379310344823,2.1
MRSAARRADTWLVAPAYTRWARIANV,26,-0.20000000000000007,4.0
MRSAPGRAQVRDAAIASILRSALSNSEYHFY,31,-0.24193548387096775,2.1
MRSAPAVARAHQTFNNYHSIPIGVITRYQEYLW,33,-0.3393939393939395,2.2
MRSAPRCVRRAPALIFGRAVRNYLEER,27,-0.47407407407407404,5.0
MRSATSVRKNFAYYHPWAGSIFLSVNGVAAGLYQGD,36,-0.02222222222222223,2.1
MRSAHRGARQFHGEALLRRIILAYEYW,27,-0.4518518518518518,3.2
MRSASEASGYVGFSIAGAWHWAFHWTGGKRYWR,33,-0.4303030303030304,3.2
MRSAQAVSRRFIYNNGAKGAITFAYGGAGHQLWK,34,-0.32352941176470595,5.1
MRSARSPLAFLANGNNRVALTLTGSGEWHRWYW,33,-0.4393939393939395,3.1
MRSAGALGREAWFGANRFGIL,21,0.14285714285714277,2.0
MRSATQVIHWAYNWGFWHGFLNIDVNRRAFFNGHK,35,-0.4285714285714286,3.3000000000000003
MRSATASTSRLLNGSLQWRATAFNGLEVR,29,-0.2655172413793104,3.0
MRSAHQALNERAYNAFRYLRAVWVFGLYQYL,31,-0.1903225806451614,3.1
MRSASPFNAAEIHHLNVYLNLTLRRGEALKLG,32,-0.12187500000000008,2.2
MRSARESSARFAASGVLVAEWRELGR,26,-0.31538461538461543,2.0
MRSAAQASSRGHAGLLAAWHAIVLW,25,0.42800000000000005,2.2
MRSASRCASANVVHDLAGGRIFSSYGER,28,-0.2535714285714286,2.1
MRSAAQADRHRLWTSFLHALASAAAAGELIRGQY,34,-0.11470588235294113,2.2
MRSAEPNARVPAANLFVRQRRIWASAEAGYAHY,33,-0.4878787878787878,3.1
MRSAEAVVAEHRVPWFLVNVRIRRHGYILWWG,32,0.03437499999999995,3.2
MRSALLWSSRALLGLRTVHWYNIAWWQGQ,29,-0.034482758620689766,3.1
MRSAPSTSARWITDGGQTFPLLRWL,25,-0.264,2.0
MRSAAPANTARVGWAYNILIWYGQN,25,-0.13600000000000004,2.0
MRSAASRSHRFAHEANVHLIGGWGTLGNAHIS,32,-0.271875,2.4000000000000004
MRSAALRRTVLVWGVVAATSRYQYYL,26,0.29230769230769227,4.0
MRSAQRAHNQRYDGVAFAAIWYWWL,25,-0.44,2.1
MRSAAFRRKAAEVGFVLSAINLERYLWGEYW,31,-0.06129032258064524,2.0
MRSASSSSAHAGHVLLGHVHIVSSFYYYARQV,32,0.1624999999999999,2.4000000000000004
MRSARLNNNAARSAYSNLTAIWTEIGYLGWY,31,-0.3225806451612903,2.0
MRSARALLGWVNNGLTTWARRGYY,24,-0.4125000000000001,4.0
MRSASEAWNRFLTAFALQRRAPALTGVRWLYEW,33,-0.23636363636363644,3.0
MRSASESAQVRVVGKGVQVVAIQINYQLYY,30,0.14333333333333342,2.0
MRSAGSTSTHHHNGTFYLVAAIQRVERF,28,-0.3785714285714285,2.3000000000000003
MRSARVASARHYILGAAYPTNLYW,24,-0.08750000000000006,3.1
MRSAAPANKGYAHEVTAIFGFVWYR,25,-0.04400000000000002,2.1
MRSALHSTRHRRQIWAIYASLLLVNALGREAYGVK,35,-0.09714285714285718,5.2
MRSAAASVGRFIAYADGVSNGVGAYRWRY,29,-0.04137931034482766,3.0
MRSAHAPRAVWLNAVITANGRVWDF,25,0.08399999999999991,2.1
MRSAAVAVSLAWQNAATRSHLFDASSGGGARYLGRE,36,-0.1333333333333333,2.1
MRSAGPSLFPAIVNGRFFGTVFIIA,25,1.0,2.0
MRSAAASAKRRQIYENIGWALNVWW,25,-0.38000000000000006,3.0
MRSASPSHTAKRYIADSSRRLLYFDIVS,28,-0.38928571428571423,3.0999999999999996
MRSAARVNGSGEVSNGVFQFTFIVVYRHRQW,31,-0.1870967741935485,3.1
MRSAAATSARARAAVGRFGRWFDVSVLGEAHNRL,34,-0.11176470588235299,4.1
MRSATIHTHGALNYTYIYRVAVAVWYTAYQRRFL,34,0.002941176470588173,4.2
MRSAAASRNWHENSAGKLAFILWAIQW,27,-0.12962962962962954,2.1
MRSAVTFANFGRTGFSFIVAAIIFLSNRYER,31,0.46451612903225803,3.0
MRSAVQSSARAFLAFLAWSLAN,22,0.6272727272727271,2.0
MRSASTLQRRFHQFTLFLGTANLAA,25,0.056000000000000105,3.1
MRSAGAHGRWGSKLGRRITTWYLLLL,26,-0.14615384615384625,5.1
MRSASTQRRAFAFGNVFFTTYAIEYYGW,28,-0.15357142857142864,2.0
MRSASLPRAAGRFTYGAPAVYGAEIS,26,0.03461538461538452,2.0
MRSAAARSGALIAYVQVAGAAEAR,24,0.4416666666666667,2.0
MRSAGIRSRRAVNAGYAAIAYWYV,24,0.05833333333333327,4.0
MRSAASSAAGHVITVAARRPHAALGEASAEYHR,33,-0.16969696969696965,2.3000000000000003
MRSAGGSRSGAEFYIARGALY,21,-0.161904761904762,2.0
MRSAAAWHTFAVAKLWTRVLTGGAAYQQ,28,0.12142857142857137,3.1
MRSASHSLHNHVWYDFYSGVHWAWAGVWLGKKYWY,35,-0.4542857142857144,2.4000000000000004
MRSARAIRWWYASVFGYRAVLLSVWWGAHEYWW,33,0.03636363636363631,3.0999999999999996
MRSAANRLFAVENTYYGSSFVLQQR,25,-0.32800000000000007,2.0
MRSAAAPSRVRIAGAVWFTAYTFVREYYR,29,-0.013793103448275874,4.0
MRSARQVLFHWALGGWNPAIGLISSYGSRG,30,0.03666666666666655,3.1
MRSALPQLARPAVAYIALYIGAYR,24,0.49999999999999983,3.0
MRSAAPSSGKWFQSAFTYRGGLVGGRQ,27,-0.488888888888889,4.0
MRSAPPASGRRFAEFYFGSRLANI,24,-0.2875000000000001,3.0
MRSASHSSRALFAFYTFILYGWLVYAAYQY,30,0.39999999999999986,2.1
MRSAAASSRNNVAIGLHVKAWFNAREA,27,-0.15925925925925932,3.0999999999999996
MRSAAPWVGNGTDDFFFFASGRVVNVLAYRRGGERWLLGR,40,-0.135,3.0
MRSAQPAVARHALAFFAGHRAFITINVEWGYGKEY,35,-0.042857142857143,2.2
MRSAVPNEGRYFFNVVVVYHNLLAVDRLGRGYEGYR,36,-0.22777777777777775,2.1
MRSAAAAGGTRALQNGWWYGNAVTFSGWGNEAWNLR,36,-0.43611111111111117,2.0
MRSASNGARLHLLGSNQISRLFDGIYAYHR,30,-0.37000000000000005,3.2
MRSAPVQRHHIQNAIGWLATVIEWRQAKVR,30,-0.40333333333333327,4.2
MRSASVQRAPLLENVGVVALIGSLGWRQELRH,32,0.08750000000000022,2.1
MRSAHGTAASPRAHPVFIYR,20,-0.325,3.2
MRSAAATARTTVISFNFGGRLVFLNEAYKI,30,0.35333333333333333,3.0
MRSAQHSNQAVEASYVGVNVILYGRQAYIR,30,-0.20333333333333342,2.1
MRSAQSIGRVRLVSLNIVGNSVYEVWY,27,0.23333333333333334,2.0
MRSATAGTAGFFLVLGLFHRPALADYYYRKR,31,0.038709677419354875,4.1
MRSAQVLASAHPIAWYFYHTSTPINVVNLKQYWYDR,36,-0.2694444444444445,2.2
MRSASPPNTHLYAAFVGRAISQRVGVSSAHQIYYYL,36,-0.038888888888888876,3.2
MRSASIVSNSRIHAAALHGWCLNAEYYRRE,30,-0.3766666666666667,2.2
MRSASAASGHTRRNNIFAAAILGTWNVIRYYW,32,-0.1156249999999999,4.1
MRSAASASRSPASYASTFHVPAPWVYWVNAYA,32,-3.469446951953614e-17,2.1
MRSARIQAHRVLANAVVHRLEKRL,24,-0.27083333333333337,5.2
MRSAAGSVKHGKEGTAFFHVVISSYAYWLV,30,0.3,2.2
MRSAGLLQSNRVIGGTVRVAYGGYYDYR,28,-0.2785714285714286,3.0
MRSAAASTTSPSQNNTGLYYITATAVAGRTGLLHYLH,37,-0.09189189189189188,2.2
MRSAAARRWYGFTLKGINALGIYLWY,26,0.11538461538461528,4.0
MRSAVAGSNRRRTAIAHRYLFYEFGGEAFYW,31,-0.40967741935483876,3.0999999999999996
MRSAARSCNWWLGLTWFSASYYRYE,25,-0.4480000000000001,2.0
MRSAAPSSSRAGVANVTWLVVI,22,0.6772727272727272,2.0
MRSASPANAARYVAYITTGSRRVLLASWYEGWISRV,36,-0.030555555555555572,4.0
MRSAAAIINFQAIAFSRFGLKNAGYYV,27,0.5259259259259259,3.0
MRSAPLASRFHAFVAYAYRIGAGGYLYV,28,0.4464285714285713,3.1
MRSASAAVWGEVGEVVRVAWSVAGPASAYHQKYLRR,36,-0.06944444444444439,3.1
MRSARAAQHPPLAANVGLFLRAIASSRLHQVWYK,34,-0.047058823529411875,5.199999999999999
MRSASAFLSVHTHGTILTHPSRAYYHGW,28,-0.2357142857142858,2.4000000000000004
MRSAAPAVRNHYAGSGFWGLVSLGVGLQEAYRR,33,-0.10606060606060617,3.1
MRSAQVRQRERWVGGVNGSWIAAIWAYQAY,30,-0.3699999999999998,3.0
MRSARRHNRVFGSVGVVEDL,20,-0.35000000000000003,2.0999999999999996
MRSAAGRRWTGDIYFAGAGWGSWYWF,26,-0.3192307692307694,2.0
MRSAGRTVQFDLVNGSFNAIVAYWRERYW,29,-0.31724137931034485,2.0
MRSASIPSQIPWAAAFLRTRVWFFIRGENS,30,0.03999999999999994,3.0
MRSARVGAATLYNLHAVASAVLGWAYQREY,30,0.11333333333333331,2.1
MRSASNTATHRNFLQHHWKVALI,23,-0.45652173913043465,3.3000000000000003
MRSARETSHPFQDFNFLFLALAVLFGARRGER,32,-0.16874999999999996,2.1
MRSATSSAKRNAFAVLGYVRNAPWNFA,27,-0.17407407407407405,4.0
MRSAALRRNRILSWVVGLLAI,21,0.7380952380952381,4.0
MRSASFRRHIFALWFNEKVE,20,-0.3600000000000001,2.1
MRSAPVVAGAFFANGILHYQAIVQGHLRY,29,0.46896551724137936,2.2
MRSASASTNSRLFDGANVLGFFGRGGSRK,29,-0.4,4.0
MRSAAAGTRHQAYANLLFHSGVIWAQEHYR,30,-0.39666666666666667,2.3000000000000003
MRSASLCAWWLLVRVGWRGQYDRK,24,-0.31250000000000006,4.0
MRSAQGLNRVRGYATGRVNARFILVVESGYYYQWYL,36,-0.2361111111111111,4.0
MRSAAISNRLLVHSAASIIVWLHYYGRR,28,0.26428571428571435,4.2
MRSAVVLRDHAGGALFRRYGVTSNGEVHL,29,-0.062068965517241434,2.2
MRSAHSWRNNYLTGLLGRGGFLWVRL,26,-0.21153846153846143,4.1
MRSASTAAAKHTAASYAFLRVIAGLLYLGR,30,0.5066666666666666,4.1
MRSAGRLVVTAHAEVTQHSWAFSATSRYYYGQVYI,35,-0.10857142857142854,2.2
MRSAAASNHFRYSDAIQRAV,20,-0.425,2.1
MRSAANLNRRNTFAGALWVALAGLVSGQKVKYIY,34,0.161764705882353,5.0
MRSATINSKNIASWNIRRVAVVGAEFW,27,0.04814814814814819,3.0
MRSALSPSARFFSFNWRLGAAQEGL,25,-0.0640000000000001,2.0
MRSAVVRSRHIGEAYRVNVVIGGGGGYYGAEVLWGY,36,0.07500000000000005,2.1
MRSAALAARIFLHANAKGWAESGAWEKQGH,30,-0.35333333333333333,2.2
MRSAAAHHARRVLGNARIFDIFW,23,-1.3998464223534583e-16,3.2
MRSAGSSLNRNAYESTYATLSVAIIWSARGGHHQ,34,-0.38529411764705884,2.2
MRSASPGWRLAYNARFAVLFGSGL,24,0.24583333333333335,3.0
MRSASAAAVNKHAFEAGAYSSWRLS,25,-0.17600000000000002,2.1
MRSASSNRHANLFLQLLSWS,20,-0.2049999999999998,2.1
MRSAAQLNRFAEIYNVREGSVGRTIV,26,-0.16923076923076927,2.0
MRSAHRQAANFTFAAFAHLQRRRWLGFVESYWLVEWW,37,-0.2783783783783785,3.2
MRSAAGLQAIFVHGYLSFAFLLNYYR,26,0.6115384615384615,2.1
MRSAPSSTATRNGLAPIRPIDYGHLLY,27,-0.2962962962962963,2.1
MRSAPVIARWVASGRAFLVYWYQSH,25,0.1519999999999998,3.1
MRSAARAARTALFVNVLRWAAWAGLREEWE,30,-0.07333333333333335,2.0
MRSAHLLRTHVNIRLWATILYWYAGEKKQ,29,-0.32758620689655177,4.2
MRSAAAIQRELLFNYLFGSALAILVRREVWYR,32,0.34062499999999996,3.0
MRSAARHGRREVTNLFARIVWWVEWWWW,28,-0.44642857142857145,3.0999999999999996
MRSARIISAAYERGAGLALAYWNLRGGGELRL,32,0.018749999999999975,3.0
MRSAASANASSFFLQNLSLWLWLISTWWNLRLKYNRK,37,-0.09189189189189194,5.0
MRSASFAHAFWFFNVFAARRVRAAIIVTGWSNREERR,37,-0.10540540540540547,5.1
MRSASVSSWWLGALFSVGVITRKLERW,27,0.2851851851851851,3.0
MRSARFICHAREFHFVGYRAGEYY,24,-0.4166666666666668,2.2
MRSAAAGRNQRWNSSWTWPLVAGLLVWNAGGEYKFARL,38,-0.30263157894736853,4.0
MRSASASAHAAVPAVYLRFNIGAHQ,25,0.23599999999999993,2.2
MRSASSLCRAFASAAKASFGTGIAGGRGAEDGYI,34,0.12941176470588234,2.0
MRSAARAAKGAQVGVHLHPWNGGRIYY,27,-0.3962962962962964,4.2
MRSASSGCRLTFHEWGGHYRVIFGSSSAAYTAY,33,-0.19090909090909097,2.2
MRSAAAASARFWFADVIYTARAIIGNADKQRR,32,-0.1218749999999999,4.0
MRSAGERVAAYRRGTATIWDIGLLLVGLQEHK,32,-0.10625000000000002,2.1
MRSAEPPRWFSNAYRLYWVSGFLLWW,26,-0.23076923076923095,2.0
MRSAAIIRNRNVLNDLIGASGSAGRLQLRY,30,-0.09666666666666668,4.0
MRSAALVFDRKAFLFWQAVVVSWRAWGW,28,0.4892857142857143,3.0
MRSAPFVSRFASFYASYGGLGL,22,0.44999999999999996,2.0
MRSAALLANANLLNHYLLALGRLGLAWGYQELLIK,35,0.5685714285714287,2.1
MRSASSFLNTGFLTANWALRIFGTGAFSKER,31,0.029032258064516026,3.0
MRSASGAAGATYAAALAFRVIIAYQYVT,28,0.7821428571428571,2.0
MRSAAPRRQTFLDAGIAFAISLREAYVY,28,0.13214285714285717,2.0
MRSALTLRRFFTGVNISLLYNYGRWI,26,0.20769230769230768,4.0
MRSAPHFHPATGIVGLPGFIWGGVGRQERT,30,-0.16333333333333339,2.2
MRSAHRFHSLANAAFHRGWAWWVAHKWI,28,-0.3035714285714287,4.4
MRSAALSSRAHAYFGLFANRYYAGRAGRE,29,-0.43103448275862083,4.1
MRSASSRASDHEVAALWWLAGIWTKYHIRW,30,-0.2766666666666666,2.2
MRSAGESSNSWLLNFRSARGIL,22,-0.24999999999999997,2.0
MRSASAAHNFIANVAAWGVAWTEEYRRK,28,-0.36428571428571427,2.1
MRSAVSSSWIWFAEFLRWAHLNLAGRW,27,0.14444444444444435,2.1
MRSADNIRNAAATANWRSVFASAWALRWQ,29,-0.33448275862068977,3.0
MRSAAPQQLLFINLTQHGRLWSNLAQLGW,29,-0.0793103448275863,2.1
MRSARLHNSGHVGSWNAFLQYALWYQ,26,-0.43461538461538474,2.2
MRSASFSFHHHTASFILGTGLVYYLNR,27,0.1444444444444444,2.3000000000000003
MRSAAFAQHRAFYFVTGYQVWYGG,24,-0.03333333333333336,2.1
MRSASTAARVHSFAGAIYHVWAFFSGKWWHQ,31,-0.022580645161290443,3.3000000000000003
MRSAAHGAAAFFGVAAWVAAIFEVSRKLWWQR,32,0.4593750000000002,3.1
MRSAAATTHHVLSAGAGRWADVVYKSG,27,-0.033333333333333326,2.2
MRSAPAGNRRWLNSFGLNVSPAVWE,25,-0.3840000000000002,2.0
MRSAAILSAWFRVALAYVRWLGEYRDY,27,0.19629629629629622,2.0
MRSAAVTSAGAKATSSGYLAAQALVNRYYEWYYR,34,-0.24705882352941178,3.0
MRSASPSTNTKFFFVGLYGGTYVPISWLSLYR,32,0.14687499999999998,3.0
MRSASLAVANFRINGERTATGLVSGYQYYIR,31,-0.12903225806451613,3.0
MRSAALTSAKAYAVNWVGWMVLIVGADKQEAR,32,0.25937500000000013,2.0
MRSAAAAANRRVYFLGSISGQW,22,0.013636363636363603,3.0
MRSASLPVNRAVSWHGVLVSWGKYQVWLEL,30,0.18333333333333324,2.1
MRSAAAVRRWDDGVTRAAGVYFVVSAEGFRLSRY,34,-0.06470588235294113,3.0
MRSASPPVALRLSTWS,16,0.018750000000000003,2.0
MRSAAASARYWLGANGVGLGARAIGGGRGYWHHEWY,36,-0.3333333333333334,3.1999999999999993
MRSARPRTNHTFLFNIYLDVARYEYL,26,-0.44999999999999984,2.1
MRSAAIPCRFALLAGYEQRAALIGLSW,27,0.574074074074074,2.0
MRSAAPDTRKIWGLIRYALNFQEY,24,-0.4875000000000001,2.0
MRSAAPSAAGVIFTYGRWRRVLLNSARYYVYNDLYL,36,0.002777777777777743,4.0
MRSARPTANAVYNISNKLGRNVFVTFGSGAGEAW,34,-0.1970588235294119,3.0
MRSASHANHHAVSSSLIFRLSWFVSRREAYR,31,-0.37741935483870964,4.300000000000001
MRSARHLRFYREEVNLILVS,20,-0.19,2.0999999999999996
MRSAALRSSVANFSYFAIQHGRALWYQYNWYE,32,-0.37500000000000006,2.1
MRSAAIPWLAVGGWNKYAIGNGWFGEWNLR,30,-0.11666666666666674,2.0
MRSAGFFWNQAWQYLGTWRWIW,22,-0.37272727272727285,2.0
MRSASPGARRTLAGSALNWTALSNEERL,28,-0.4928571428571429,2.0
MRSASLRSHHKFYTLLNFIVEVH,23,-0.013043478260869596,2.3000000000000003
MRSASGSRSNFVWDVSFLSRTVISGGGGLRNYGE,34,-0.26176470588235295,2.0
MRSASPAGHFYAVDAGRTDNQRIPNLGTVNGIYARAYYW,39,-0.4974358974358974,2.1
MRSATPPCARYTHNIFFGYGVANIWY,26,-0.06153846153846159,2.1
MRSAGRVQRKIANDIGIRNAFAWAYWV,27,-0.18518518518518529,4.0
MRSAASFWSWAFNAAGALRRLLVFIAEFREWAA,33,0.4666666666666668,2.0
MRSAAAAGRLINALAYVRAFGVA,23,0.856521739130435,3.0
MRSAAPSSNLFQSANFPWLNRAFIGFWN,28,-0.09642857142857143,2.0
MRSARRLTITGANLHVALLYLYYL,24,0.5041666666666664,3.1
MRSAGLSVNNWFAHPTRSRRFVALEAEYAH,30,-0.44,2.1999999999999997
MRSAARSGRGVADLLAVFGIW,21,0.5571428571428572,2.0
MRSAAIVARARVHDIFTVWHA,21,0.4523809523809523,2.2
MRSASPPGFAYFVARFSGAYAVFVRYELK,29,0.25172413793103443,3.0
MRSAALVTRAHTNVGAAVRRIFASLNNLVGGEN,33,0.16060606060606053,3.0999999999999996
MRSAQARSASFQIIQWYYVRYYLY,24,-0.27916666666666673,3.0
MRSAATAWHRWWLEAQRLHRAAVLSFIGRRR,31,-0.4741935483870967,6.2
MRSAQTVQRGRLATFTFASNWVWFNVAYGHQER,33,-0.48181818181818187,3.1
MRSAAASVRARVLGTVWVNAQQYE,24,-0.0374999999999999,2.0
MRSAPPDSSSHVQFYALVLRQRTIYGVNRAEHLW,34,-0.4205882352941176,2.2
MRSARLWNDNAGLTNLTEALIIFNRAYRHW,30,-0.3933333333333333,2.1
MRSAPNASSAFANGFVNLRWIRQYL,25,-0.12400000000000005,3.0
MRSAQAAARSRLYNAVFYHLAL,22,0.14545454545454548,3.1
MRSARPVSNKFFGAWTWAFGTVGYGGEERW,30,-0.48000000000000015,2.0
MRSASAAAVAFVIAGAFWVTVAYRLRL,27,1.2,3.0
MRSASRSLAAAANRYQPIFW,20,-0.23500000000000001,3.0
MRSASGVSRRFIGGAGSRRVAYDVGEAFAHY,31,-0.22258064516129036,3.1
MRSAAPPSCRIQGGWLGLTIVIWQH,25,0.22399999999999995,2.1
MRSAATGRRTWAGASPAAFAGV,22,0.059090909090909145,3.0
MRSAAPAARNRLGSALVYAALNYWYG,26,0.03076923076923075,3.0
MRSAAAARNQYWAASGKAWHAVLRGHLW,28,-0.325,4.199999999999999
MRSASAANKGHLLNVAFLALQINQQYY,27,0.014814814814814812,2.1
MRSAAGASRHDTTWGALYSVNVLNGIGQERIWKH,34,-0.4617647058823529,2.2
MRSASHSTSWLFTNTTVHRALISWLKYRH,29,-0.41379310344827586,4.3
MRSAAISRHRRRAGTFLALITGSYY,25,-0.176,5.1
MRSASGSFRVFNASFGSRIVLGDQVHW,27,0.055555555555555504,2.1
MRSAAASSRRLRDAGLAAEVRVDH,24,-0.4291666666666667,2.1
MRSASVHEHARIFLGNKVQRHGAWAVIFAGGKVYRQ,36,-0.24166666666666664,5.300000000000001
MRSALHATNNVNASSASSNRILLIGHQSL,29,-0.04482758620689658,2.2
MRSAAFNHQAALEFTGRFLGYRVLFAWNHQK,31,-0.2612903225806453,3.2
MRSAVPFTANFAAYGFVGLRGAFTFKQYLH,30,0.33999999999999986,3.1
MRSAAHLWNSWYNNWRRVFRVVANYQVWWGI,31,-0.40645161290322585,4.1
MRSAALFTASIIWWERGGKYRRW,23,-0.41739130434782623,4.0
MRSASAVAAHHTHLSNAWFRGFW,23,-0.12608695652173924,2.3000000000000003
MRSAPRSRRNHLHVASAAASSRAFDFFWYWYYWADL,36,-0.46944444444444433,3.1999999999999993
MRSAQQTLRIRAATSAWAWAIEARW,25,-0.276,3.0
MRSASATATHASTWWLRVSIRVVEVQYW,28,0.04285714285714285,2.1
MRSASNQARWFVLSSWRPIHVFGYAWER,28,-0.40357142857142875,3.1
MRSASAPCAHFWSAAVHRRALTSAELY,27,0.018518518518518476,2.2
MRSAALANNRIIALAANRRGYAYLEYWEYW,30,-0.2933333333333333,2.0
MRSAQVLAAFFVYNERIWLYAWAYLNYRYRWW,32,-0.06562500000000021,3.0
MRSAPGLFQHLVNVGRASTFWF,22,0.23181818181818173,2.1
MRSAAAAWGFTAGNHAFPVRHQN,23,-0.3565217391304349,2.2
MRSAALSQRNVLLANVGAFALGAAVQ,26,0.7576923076923077,2.0
MRSAVTLRSSKYGAANYLFTYADFINAGQYLRYREI,36,-0.2611111111111112,3.0
MRSAAPARHLFRGAATNAFYLQIWAEAKYR,30,-0.28666666666666674,4.1
MRSAQAHHRFHLGWRALSYALYYAREIW,28,-0.4535714285714286,3.3000000000000007
MRSALTRSGRRIESAPYFSALVNV,24,-0.0666666666666667,3.0
MRSATRPAAHFLFWWTRLAALLAYW,25,0.35999999999999993,3.1
MRSAQLSWINTNFAVFQAWVVGGWRAYLYYYW,32,0.14062499999999992,2.0
MRSARAPHGNGAAFTIWRAFVGGLLNLKY,29,0.0724137931034482,4.1
MRSAAVINNALLGTLNRGLFAVFIAWWREW,30,0.5533333333333335,2.0
MRSAGVDRSNAAAVLNIGWRVNWYHL,26,-0.09230769230769235,2.1
MRSASPGGRRIFESFTGLACYTLAIVYGEVRR,32,0.04062500000000002,3.0
MRSASRVNAYAENAAGGVSLLRRALWWYAGRQ,32,-0.31875,4.0
MRSAQTDTSAVILGKGRRGLFGANYAIWEGQY,32,-0.33437500000000003,2.0
MRSAHRPALKVHDGQRVAGVGYWYV,25,-0.40000000000000013,3.2
MRSAATVNRGGGNIFGFVANTWYYKH,26,-0.3115384615384616,3.1
MRSAGQAVRVRLSNFGGWWVLWNAGRAEWWGRL,33,-0.2636363636363636,4.0
MRSAPRAVAGLREIAGWNILS,21,0.21428571428571427,2.0
MRSALVQAASRRAAASWWLTARAFVYYQY,29,0.04482758620689654,4.0
MRSASLLTNNVFLNFFLGVSRIITNV,26,0.8346153846153845,2.0
